,approx,gurobi,tree edit
mi,0.1952010205805293,0.23487595151409252,0.1049703238751188
normalized mi,0.060726381305386254,0.07081114482108715,0.042054983947921294
adjusted mi,0.04063304844781305,0.04853587171752485,0.03579335602707185
correlation coeff,0.28678827623704156,0.2892707846582015,0.24764236341588283
frobenius of dist,26.486497598908088,26.33298034852727,9239.195311281172
