,approx,gurobi,tree edit
mi,0.02117120781244473,0.029057901372036656,0.1049703238751188
normalized mi,0.011516878924993151,0.014430357855882155,0.042054983947921294
adjusted mi,0.008014263685318991,0.010400613334958585,0.03579335602707185
correlation coeff,0.13267157948729671,0.12068948407167925,0.24764236341588283
frobenius of dist,1466.1483553856342,2175.703564367168,9239.195311281172
